{
    "key": "group_611ca7f2cc3dc",
    "title": "Main FLEX",
    "fields": [
        {
            "key": "field_611ca7fa375d3",
            "label": "Pole elastyczne",
            "name": "flex_content",
            "type": "flexible_content",
            "instructions": "",
            "required": 0,
            "conditional_logic": 0,
            "wrapper": {
                "width": "",
                "class": "",
                "id": ""
            },
            "layouts": {
                "layout_611cd94fb8f7e": {
                    "key": "layout_611cd94fb8f7e",
                    "name": "text_section",
                    "label": "Pole tekstowe",
                    "display": "block",
                    "sub_fields": [
                        {
                            "key": "field_611cd97fb8f7f",
                            "label": "Grupa",
                            "name": "group",
                            "type": "group",
                            "instructions": "",
                            "required": 0,
                            "conditional_logic": 0,
                            "wrapper": {
                                "width": "",
                                "class": "",
                                "id": ""
                            },
                            "layout": "block",
                            "sub_fields": [
                                {
                                    "key": "field_6297527057876",
                                    "label": "Intro",
                                    "name": "intro",
                                    "type": "text",
                                    "instructions": "",
                                    "required": 0,
                                    "conditional_logic": 0,
                                    "wrapper": {
                                        "width": "",
                                        "class": "",
                                        "id": ""
                                    },
                                    "default_value": "",
                                    "placeholder": "",
                                    "prepend": "",
                                    "append": "",
                                    "maxlength": "",
                                    "show_column": 0,
                                    "show_column_sortable": 0,
                                    "show_column_weight": 1000,
                                    "allow_quickedit": 0,
                                    "allow_bulkedit": 0
                                },
                                {
                                    "key": "field_611cd999b8f80",
                                    "label": "Tytuł",
                                    "name": "title",
                                    "type": "text",
                                    "instructions": "",
                                    "required": 0,
                                    "conditional_logic": 0,
                                    "wrapper": {
                                        "width": "",
                                        "class": "",
                                        "id": ""
                                    },
                                    "default_value": "",
                                    "placeholder": "",
                                    "prepend": "",
                                    "append": "",
                                    "maxlength": ""
                                },
                                {
                                    "key": "field_611cd99fb8f81",
                                    "label": "Pole tekstowe",
                                    "name": "content",
                                    "type": "wysiwyg",
                                    "instructions": "",
                                    "required": 0,
                                    "conditional_logic": 0,
                                    "wrapper": {
                                        "width": "",
                                        "class": "",
                                        "id": ""
                                    },
                                    "default_value": "",
                                    "tabs": "all",
                                    "toolbar": "full",
                                    "media_upload": 1,
                                    "delay": 0
                                },
                                {
                                    "key": "field_616e6a6300887",
                                    "label": "Przyciski",
                                    "name": "btns",
                                    "type": "radio",
                                    "instructions": "",
                                    "required": 1,
                                    "conditional_logic": 0,
                                    "wrapper": {
                                        "width": "",
                                        "class": "",
                                        "id": ""
                                    },
                                    "choices": {
                                        "false": "Nie",
                                        "true": "Tak"
                                    },
                                    "allow_null": 0,
                                    "other_choice": 0,
                                    "default_value": "no",
                                    "layout": "vertical",
                                    "return_format": "value",
                                    "save_other_choice": 0
                                },
                                {
                                    "key": "field_616e6aae00888",
                                    "label": "Przycisk 1",
                                    "name": "link",
                                    "type": "link",
                                    "instructions": "Secondary",
                                    "required": 0,
                                    "conditional_logic": [
                                        [
                                            {
                                                "field": "field_616e6a6300887",
                                                "operator": "==",
                                                "value": "true"
                                            }
                                        ]
                                    ],
                                    "wrapper": {
                                        "width": "50",
                                        "class": "",
                                        "id": ""
                                    },
                                    "return_format": "array"
                                },
                                {
                                    "key": "field_616e6afe0088a",
                                    "label": "Przycisk 2",
                                    "name": "link_2",
                                    "type": "link",
                                    "instructions": "Primary",
                                    "required": 0,
                                    "conditional_logic": [
                                        [
                                            {
                                                "field": "field_616e6a6300887",
                                                "operator": "==",
                                                "value": "true"
                                            }
                                        ]
                                    ],
                                    "wrapper": {
                                        "width": "50",
                                        "class": "",
                                        "id": ""
                                    },
                                    "return_format": "array"
                                },
                                {
                                    "key": "field_616e6b3c0088b",
                                    "label": "Układ",
                                    "name": "layout",
                                    "type": "radio",
                                    "instructions": "",
                                    "required": 1,
                                    "conditional_logic": 0,
                                    "wrapper": {
                                        "width": "",
                                        "class": "",
                                        "id": ""
                                    },
                                    "choices": {
                                        "simple": "Prosty",
                                        "photo-left": "Zdjęcie po lewej stronie",
                                        "photo-right": "Zdjęcie po prawej stronie"
                                    },
                                    "allow_null": 0,
                                    "other_choice": 0,
                                    "default_value": "simple",
                                    "layout": "vertical",
                                    "return_format": "value",
                                    "save_other_choice": 0
                                },
                                {
                                    "key": "field_616e6bd20088c",
                                    "label": "Zdjęcie",
                                    "name": "photo",
                                    "type": "image",
                                    "instructions": "",
                                    "required": 0,
                                    "conditional_logic": [
                                        [
                                            {
                                                "field": "field_616e6b3c0088b",
                                                "operator": "==",
                                                "value": "photo-left"
                                            }
                                        ],
                                        [
                                            {
                                                "field": "field_616e6b3c0088b",
                                                "operator": "==",
                                                "value": "photo-right"
                                            }
                                        ]
                                    ],
                                    "wrapper": {
                                        "width": "",
                                        "class": "",
                                        "id": ""
                                    },
                                    "return_format": "id",
                                    "preview_size": "medium",
                                    "library": "all",
                                    "min_width": "",
                                    "min_height": "",
                                    "min_size": "",
                                    "max_width": "",
                                    "max_height": "",
                                    "max_size": "",
                                    "mime_types": ""
                                },
                                {
                                    "key": "field_616e6c0e0088e",
                                    "label": "Dodatkowa klasa",
                                    "name": "class",
                                    "type": "text",
                                    "instructions": "Ustawienia zaawansowane",
                                    "required": 0,
                                    "conditional_logic": 0,
                                    "wrapper": {
                                        "width": "",
                                        "class": "",
                                        "id": ""
                                    },
                                    "default_value": "",
                                    "placeholder": "",
                                    "prepend": "",
                                    "append": "",
                                    "maxlength": ""
                                }
                            ]
                        }
                    ],
                    "min": "",
                    "max": ""
                },
                "layout_616e8a659f31b": {
                    "key": "layout_616e8a659f31b",
                    "name": "icons_section",
                    "label": "Infografiki",
                    "display": "block",
                    "sub_fields": [
                        {
                            "key": "field_616e8a879f31c",
                            "label": "Grupa",
                            "name": "group",
                            "type": "group",
                            "instructions": "",
                            "required": 0,
                            "conditional_logic": 0,
                            "wrapper": {
                                "width": "",
                                "class": "",
                                "id": ""
                            },
                            "layout": "block",
                            "sub_fields": [
                                {
                                    "key": "field_616e8ae89f31e",
                                    "label": "Intro",
                                    "name": "intro",
                                    "type": "text",
                                    "instructions": "",
                                    "required": 0,
                                    "conditional_logic": 0,
                                    "wrapper": {
                                        "width": "",
                                        "class": "",
                                        "id": ""
                                    },
                                    "default_value": "",
                                    "placeholder": "",
                                    "prepend": "",
                                    "append": "",
                                    "maxlength": ""
                                },
                                {
                                    "key": "field_616e8ae19f31d",
                                    "label": "Tytuł",
                                    "name": "title",
                                    "type": "text",
                                    "instructions": "",
                                    "required": 0,
                                    "conditional_logic": 0,
                                    "wrapper": {
                                        "width": "",
                                        "class": "",
                                        "id": ""
                                    },
                                    "default_value": "",
                                    "placeholder": "",
                                    "prepend": "",
                                    "append": "",
                                    "maxlength": ""
                                },
                                {
                                    "key": "field_6297535881f7d",
                                    "label": "Opis",
                                    "name": "desc",
                                    "type": "textarea",
                                    "instructions": "",
                                    "required": 0,
                                    "conditional_logic": 0,
                                    "wrapper": {
                                        "width": "",
                                        "class": "",
                                        "id": ""
                                    },
                                    "default_value": "",
                                    "placeholder": "",
                                    "maxlength": "",
                                    "rows": 2,
                                    "new_lines": ""
                                },
                                {
                                    "key": "field_616e8af49f31f",
                                    "label": "Infografiki",
                                    "name": "icons",
                                    "type": "repeater",
                                    "instructions": "",
                                    "required": 0,
                                    "conditional_logic": 0,
                                    "wrapper": {
                                        "width": "",
                                        "class": "",
                                        "id": ""
                                    },
                                    "collapsed": "",
                                    "min": 0,
                                    "max": 0,
                                    "layout": "block",
                                    "button_label": "Dodaj infografikę",
                                    "sub_fields": [
                                        {
                                            "key": "field_616e8b489f320",
                                            "label": "Ikona",
                                            "name": "icon",
                                            "type": "image",
                                            "instructions": "",
                                            "required": 0,
                                            "conditional_logic": 0,
                                            "wrapper": {
                                                "width": "",
                                                "class": "",
                                                "id": ""
                                            },
                                            "return_format": "id",
                                            "preview_size": "medium",
                                            "library": "all",
                                            "min_width": "",
                                            "min_height": "",
                                            "min_size": "",
                                            "max_width": "",
                                            "max_height": "",
                                            "max_size": "",
                                            "mime_types": "svg"
                                        },
                                        {
                                            "key": "field_616e8b659f321",
                                            "label": "Tytuł",
                                            "name": "title",
                                            "type": "text",
                                            "instructions": "",
                                            "required": 0,
                                            "conditional_logic": 0,
                                            "wrapper": {
                                                "width": "",
                                                "class": "",
                                                "id": ""
                                            },
                                            "default_value": "",
                                            "placeholder": "",
                                            "prepend": "",
                                            "append": "",
                                            "maxlength": ""
                                        },
                                        {
                                            "key": "field_616e8b719f322",
                                            "label": "Krótki opis",
                                            "name": "desc",
                                            "type": "textarea",
                                            "instructions": "",
                                            "required": 0,
                                            "conditional_logic": 0,
                                            "wrapper": {
                                                "width": "",
                                                "class": "",
                                                "id": ""
                                            },
                                            "default_value": "",
                                            "placeholder": "",
                                            "maxlength": "",
                                            "rows": 2,
                                            "new_lines": ""
                                        }
                                    ]
                                },
                                {
                                    "key": "field_616e8c3a9f325",
                                    "label": "Przyciski",
                                    "name": "btns",
                                    "type": "radio",
                                    "instructions": "",
                                    "required": 0,
                                    "conditional_logic": 0,
                                    "wrapper": {
                                        "width": "",
                                        "class": "",
                                        "id": ""
                                    },
                                    "choices": {
                                        "no": "Nie",
                                        "yes": "Tak"
                                    },
                                    "allow_null": 0,
                                    "other_choice": 0,
                                    "default_value": "",
                                    "layout": "vertical",
                                    "return_format": "value",
                                    "save_other_choice": 0
                                },
                                {
                                    "key": "field_616e8ba59f323",
                                    "label": "Przycisk 1",
                                    "name": "link",
                                    "type": "link",
                                    "instructions": "Secondary",
                                    "required": 0,
                                    "conditional_logic": [
                                        [
                                            {
                                                "field": "field_616e8c3a9f325",
                                                "operator": "==",
                                                "value": "yes"
                                            }
                                        ]
                                    ],
                                    "wrapper": {
                                        "width": "50",
                                        "class": "",
                                        "id": ""
                                    },
                                    "return_format": "array"
                                },
                                {
                                    "key": "field_616e8c029f324",
                                    "label": "Przycisk 2",
                                    "name": "link_2",
                                    "type": "link",
                                    "instructions": "Primary",
                                    "required": 0,
                                    "conditional_logic": [
                                        [
                                            {
                                                "field": "field_616e8c3a9f325",
                                                "operator": "==",
                                                "value": "yes"
                                            }
                                        ]
                                    ],
                                    "wrapper": {
                                        "width": "50",
                                        "class": "",
                                        "id": ""
                                    },
                                    "return_format": "array"
                                }
                            ]
                        }
                    ],
                    "min": "",
                    "max": ""
                },
                "layout_611cd212341a7": {
                    "key": "layout_611cd212341a7",
                    "name": "gallery_section",
                    "label": "Galeria",
                    "display": "block",
                    "sub_fields": [
                        {
                            "key": "field_611cd21a341a8",
                            "label": "Grupa",
                            "name": "group",
                            "type": "group",
                            "instructions": "",
                            "required": 0,
                            "conditional_logic": 0,
                            "wrapper": {
                                "width": "",
                                "class": "",
                                "id": ""
                            },
                            "layout": "block",
                            "sub_fields": [
                                {
                                    "key": "field_6297547182e4d",
                                    "label": "Intro",
                                    "name": "intro",
                                    "type": "text",
                                    "instructions": "",
                                    "required": 0,
                                    "conditional_logic": 0,
                                    "wrapper": {
                                        "width": "",
                                        "class": "",
                                        "id": ""
                                    },
                                    "default_value": "",
                                    "placeholder": "",
                                    "prepend": "",
                                    "append": "",
                                    "maxlength": "",
                                    "show_column": 0,
                                    "show_column_sortable": 0,
                                    "show_column_weight": 1000,
                                    "allow_quickedit": 0,
                                    "allow_bulkedit": 0
                                },
                                {
                                    "key": "field_611cd27a341a9",
                                    "label": "Tytuł",
                                    "name": "title",
                                    "type": "text",
                                    "instructions": "",
                                    "required": 0,
                                    "conditional_logic": 0,
                                    "wrapper": {
                                        "width": "",
                                        "class": "",
                                        "id": ""
                                    },
                                    "default_value": "",
                                    "placeholder": "",
                                    "prepend": "",
                                    "append": "",
                                    "maxlength": ""
                                },
                                {
                                    "key": "field_611cd287341aa",
                                    "label": "Galeria zdjęć",
                                    "name": "gallery",
                                    "type": "gallery",
                                    "instructions": "",
                                    "required": 0,
                                    "conditional_logic": 0,
                                    "wrapper": {
                                        "width": "",
                                        "class": "",
                                        "id": ""
                                    },
                                    "return_format": "id",
                                    "preview_size": "medium",
                                    "insert": "append",
                                    "library": "all",
                                    "min": "",
                                    "max": "",
                                    "min_width": "",
                                    "min_height": "",
                                    "min_size": "",
                                    "max_width": "",
                                    "max_height": "",
                                    "max_size": "",
                                    "mime_types": "",
                                    "show_column": 0,
                                    "show_column_weight": 1000
                                }
                            ]
                        }
                    ],
                    "min": "",
                    "max": ""
                },
                "layout_616ea2dd28930": {
                    "key": "layout_616ea2dd28930",
                    "name": "offer_section",
                    "label": "Usługi",
                    "display": "block",
                    "sub_fields": [
                        {
                            "key": "field_616ea40f807c8",
                            "label": "Grupa",
                            "name": "group",
                            "type": "group",
                            "instructions": "",
                            "required": 0,
                            "conditional_logic": 0,
                            "wrapper": {
                                "width": "",
                                "class": "",
                                "id": ""
                            },
                            "layout": "block",
                            "sub_fields": [
                                {
                                    "key": "field_616ea42f807c9",
                                    "label": "Tytuł",
                                    "name": "title",
                                    "type": "text",
                                    "instructions": "",
                                    "required": 0,
                                    "conditional_logic": 0,
                                    "wrapper": {
                                        "width": "",
                                        "class": "",
                                        "id": ""
                                    },
                                    "default_value": "",
                                    "placeholder": "",
                                    "prepend": "",
                                    "append": "",
                                    "maxlength": ""
                                },
                                {
                                    "key": "field_616ea442807ca",
                                    "label": "Układ",
                                    "name": "layout",
                                    "type": "radio",
                                    "instructions": "",
                                    "required": 0,
                                    "conditional_logic": 0,
                                    "wrapper": {
                                        "width": "",
                                        "class": "",
                                        "id": ""
                                    },
                                    "choices": {
                                        "list": "Lista",
                                        "carousel": "Karuzela"
                                    },
                                    "allow_null": 0,
                                    "other_choice": 0,
                                    "default_value": "",
                                    "layout": "vertical",
                                    "return_format": "value",
                                    "save_other_choice": 0
                                },
                                {
                                    "key": "field_616ea491807cb",
                                    "label": "Przyciski",
                                    "name": "btns",
                                    "type": "radio",
                                    "instructions": "",
                                    "required": 1,
                                    "conditional_logic": 0,
                                    "wrapper": {
                                        "width": "",
                                        "class": "",
                                        "id": ""
                                    },
                                    "choices": {
                                        "no": "Nie",
                                        "yes": "Tak"
                                    },
                                    "allow_null": 0,
                                    "other_choice": 0,
                                    "default_value": "no",
                                    "layout": "vertical",
                                    "return_format": "value",
                                    "save_other_choice": 0
                                },
                                {
                                    "key": "field_616ea4c4807cc",
                                    "label": "Przycisk 1",
                                    "name": "link",
                                    "type": "link",
                                    "instructions": "Secondary",
                                    "required": 0,
                                    "conditional_logic": [
                                        [
                                            {
                                                "field": "field_616ea491807cb",
                                                "operator": "==",
                                                "value": "yes"
                                            }
                                        ]
                                    ],
                                    "wrapper": {
                                        "width": "50",
                                        "class": "",
                                        "id": ""
                                    },
                                    "return_format": "array"
                                },
                                {
                                    "key": "field_616ea4f7807cd",
                                    "label": "Przycisk 2",
                                    "name": "link_2",
                                    "type": "link",
                                    "instructions": "Primary",
                                    "required": 0,
                                    "conditional_logic": [
                                        [
                                            {
                                                "field": "field_616ea491807cb",
                                                "operator": "==",
                                                "value": "yes"
                                            }
                                        ]
                                    ],
                                    "wrapper": {
                                        "width": "50",
                                        "class": "",
                                        "id": ""
                                    },
                                    "return_format": "array"
                                }
                            ]
                        }
                    ],
                    "min": "",
                    "max": ""
                },
                "layout_616eb6250e9ff": {
                    "key": "layout_616eb6250e9ff",
                    "name": "team_section",
                    "label": "Zespół",
                    "display": "block",
                    "sub_fields": [
                        {
                            "key": "field_616eb6250ea00",
                            "label": "Grupa",
                            "name": "group",
                            "type": "group",
                            "instructions": "",
                            "required": 0,
                            "conditional_logic": 0,
                            "wrapper": {
                                "width": "",
                                "class": "",
                                "id": ""
                            },
                            "layout": "block",
                            "sub_fields": [
                                {
                                    "key": "field_616eb6250ea01",
                                    "label": "Tytuł",
                                    "name": "title",
                                    "type": "text",
                                    "instructions": "",
                                    "required": 0,
                                    "conditional_logic": 0,
                                    "wrapper": {
                                        "width": "",
                                        "class": "",
                                        "id": ""
                                    },
                                    "default_value": "",
                                    "placeholder": "",
                                    "prepend": "",
                                    "append": "",
                                    "maxlength": "",
                                    "show_column": 0,
                                    "show_column_sortable": 0,
                                    "show_column_weight": 1000,
                                    "allow_quickedit": 0,
                                    "allow_bulkedit": 0
                                },
                                {
                                    "key": "field_616eb6250ea02",
                                    "label": "Układ",
                                    "name": "layout",
                                    "type": "radio",
                                    "instructions": "",
                                    "required": 0,
                                    "conditional_logic": 0,
                                    "wrapper": {
                                        "width": "",
                                        "class": "",
                                        "id": ""
                                    },
                                    "choices": {
                                        "list": "Lista",
                                        "carousel": "Karuzela"
                                    },
                                    "allow_null": 0,
                                    "other_choice": 0,
                                    "default_value": "",
                                    "layout": "vertical",
                                    "return_format": "value",
                                    "show_column": 0,
                                    "show_column_sortable": 0,
                                    "show_column_weight": 1000,
                                    "allow_quickedit": 0,
                                    "allow_bulkedit": 0,
                                    "save_other_choice": 0
                                },
                                {
                                    "key": "field_616eb6260ea03",
                                    "label": "Przyciski",
                                    "name": "btns",
                                    "type": "radio",
                                    "instructions": "",
                                    "required": 1,
                                    "conditional_logic": 0,
                                    "wrapper": {
                                        "width": "",
                                        "class": "",
                                        "id": ""
                                    },
                                    "choices": {
                                        "no": "Nie",
                                        "yes": "Tak"
                                    },
                                    "allow_null": 0,
                                    "other_choice": 0,
                                    "save_other_choice": 0,
                                    "default_value": "no",
                                    "layout": "vertical",
                                    "return_format": "value",
                                    "show_column": 0,
                                    "show_column_sortable": 0,
                                    "show_column_weight": 1000,
                                    "allow_quickedit": 0,
                                    "allow_bulkedit": 0
                                },
                                {
                                    "key": "field_616eb6260ea04",
                                    "label": "Przycisk 1",
                                    "name": "link",
                                    "type": "link",
                                    "instructions": "Secondary",
                                    "required": 0,
                                    "conditional_logic": [
                                        [
                                            {
                                                "field": "field_616eb6260ea03",
                                                "operator": "==",
                                                "value": "yes"
                                            }
                                        ]
                                    ],
                                    "wrapper": {
                                        "width": "50",
                                        "class": "",
                                        "id": ""
                                    },
                                    "return_format": "array",
                                    "show_column": 0,
                                    "show_column_weight": 1000,
                                    "allow_quickedit": 0,
                                    "allow_bulkedit": 0
                                },
                                {
                                    "key": "field_616eb6260ea05",
                                    "label": "Przycisk 2",
                                    "name": "link_2",
                                    "type": "link",
                                    "instructions": "Primary",
                                    "required": 0,
                                    "conditional_logic": [
                                        [
                                            {
                                                "field": "field_616eb6260ea03",
                                                "operator": "==",
                                                "value": "yes"
                                            }
                                        ]
                                    ],
                                    "wrapper": {
                                        "width": "50",
                                        "class": "",
                                        "id": ""
                                    },
                                    "return_format": "array",
                                    "show_column": 0,
                                    "show_column_weight": 1000,
                                    "allow_quickedit": 0,
                                    "allow_bulkedit": 0
                                }
                            ]
                        }
                    ],
                    "min": "",
                    "max": ""
                },
                "layout_6295ce5b5ea10": {
                    "key": "layout_6295ce5b5ea10",
                    "name": "lp_hero",
                    "label": "LP: Hero",
                    "display": "block",
                    "sub_fields": [
                        {
                            "key": "field_6295ce6c5ea11",
                            "label": "Grupa",
                            "name": "group",
                            "type": "group",
                            "instructions": "",
                            "required": 0,
                            "conditional_logic": 0,
                            "wrapper": {
                                "width": "",
                                "class": "",
                                "id": ""
                            },
                            "layout": "block",
                            "sub_fields": [
                                {
                                    "key": "field_6295cea45ea12",
                                    "label": "Intro",
                                    "name": "intro",
                                    "type": "text",
                                    "instructions": "",
                                    "required": 0,
                                    "conditional_logic": 0,
                                    "wrapper": {
                                        "width": "",
                                        "class": "",
                                        "id": ""
                                    },
                                    "default_value": "",
                                    "placeholder": "",
                                    "prepend": "",
                                    "append": "",
                                    "maxlength": ""
                                },
                                {
                                    "key": "field_6295ceac5ea13",
                                    "label": "Tytuł",
                                    "name": "title",
                                    "type": "text",
                                    "instructions": "",
                                    "required": 0,
                                    "conditional_logic": 0,
                                    "wrapper": {
                                        "width": "",
                                        "class": "",
                                        "id": ""
                                    },
                                    "default_value": "",
                                    "placeholder": "",
                                    "prepend": "",
                                    "append": "",
                                    "maxlength": ""
                                },
                                {
                                    "key": "field_6295ced15ea14",
                                    "label": "Zdjęcie",
                                    "name": "image",
                                    "type": "image",
                                    "instructions": "",
                                    "required": 0,
                                    "conditional_logic": 0,
                                    "wrapper": {
                                        "width": "",
                                        "class": "",
                                        "id": ""
                                    },
                                    "return_format": "id",
                                    "preview_size": "medium",
                                    "library": "all",
                                    "min_width": "",
                                    "min_height": "",
                                    "min_size": "",
                                    "max_width": "",
                                    "max_height": "",
                                    "max_size": "",
                                    "mime_types": ""
                                }
                            ]
                        }
                    ],
                    "min": "",
                    "max": ""
                },
                "layout_6295ec77e8782": {
                    "key": "layout_6295ec77e8782",
                    "name": "lp_doctor",
                    "label": "LP: Lekarz",
                    "display": "block",
                    "sub_fields": [
                        {
                            "key": "field_6295ec84e8783",
                            "label": "Grupa",
                            "name": "group",
                            "type": "group",
                            "instructions": "",
                            "required": 0,
                            "conditional_logic": 0,
                            "wrapper": {
                                "width": "",
                                "class": "",
                                "id": ""
                            },
                            "layout": "block",
                            "sub_fields": [
                                {
                                    "key": "field_6295ec91e8784",
                                    "label": "Intro",
                                    "name": "intro",
                                    "type": "text",
                                    "instructions": "",
                                    "required": 0,
                                    "conditional_logic": 0,
                                    "wrapper": {
                                        "width": "",
                                        "class": "",
                                        "id": ""
                                    },
                                    "default_value": "",
                                    "placeholder": "",
                                    "prepend": "",
                                    "append": "",
                                    "maxlength": ""
                                },
                                {
                                    "key": "field_6295ec9ce8785",
                                    "label": "Tytuł",
                                    "name": "title",
                                    "type": "text",
                                    "instructions": "",
                                    "required": 0,
                                    "conditional_logic": 0,
                                    "wrapper": {
                                        "width": "",
                                        "class": "",
                                        "id": ""
                                    },
                                    "default_value": "",
                                    "placeholder": "",
                                    "prepend": "",
                                    "append": "",
                                    "maxlength": ""
                                },
                                {
                                    "key": "field_6295eca5e8786",
                                    "label": "Treść",
                                    "name": "content",
                                    "type": "wysiwyg",
                                    "instructions": "",
                                    "required": 0,
                                    "conditional_logic": 0,
                                    "wrapper": {
                                        "width": "",
                                        "class": "",
                                        "id": ""
                                    },
                                    "default_value": "",
                                    "tabs": "all",
                                    "toolbar": "full",
                                    "media_upload": 1,
                                    "delay": 0
                                },
                                {
                                    "key": "field_6295f88fec56b",
                                    "label": "Przycisk",
                                    "name": "link",
                                    "type": "link",
                                    "instructions": "",
                                    "required": 0,
                                    "conditional_logic": 0,
                                    "wrapper": {
                                        "width": "",
                                        "class": "",
                                        "id": ""
                                    },
                                    "return_format": "array"
                                },
                                {
                                    "key": "field_6295edc4e8787",
                                    "label": "Zdjęcie lekarza",
                                    "name": "image",
                                    "type": "image",
                                    "instructions": "",
                                    "required": 0,
                                    "conditional_logic": 0,
                                    "wrapper": {
                                        "width": "",
                                        "class": "",
                                        "id": ""
                                    },
                                    "return_format": "id",
                                    "preview_size": "thumbnail",
                                    "library": "all",
                                    "min_width": "",
                                    "min_height": "",
                                    "min_size": "",
                                    "max_width": "",
                                    "max_height": "",
                                    "max_size": "",
                                    "mime_types": ""
                                }
                            ]
                        }
                    ],
                    "min": "",
                    "max": ""
                },
                "layout_6295fdf16fdaf": {
                    "key": "layout_6295fdf16fdaf",
                    "name": "lp_offer",
                    "label": "LP: Oferta",
                    "display": "block",
                    "sub_fields": [
                        {
                            "key": "field_6295fdfc6fdb0",
                            "label": "Grupa",
                            "name": "group",
                            "type": "group",
                            "instructions": "",
                            "required": 0,
                            "conditional_logic": 0,
                            "wrapper": {
                                "width": "",
                                "class": "",
                                "id": ""
                            },
                            "layout": "block",
                            "sub_fields": [
                                {
                                    "key": "field_6295fe0f6fdb1",
                                    "label": "Intro",
                                    "name": "intro",
                                    "type": "text",
                                    "instructions": "",
                                    "required": 0,
                                    "conditional_logic": 0,
                                    "wrapper": {
                                        "width": "",
                                        "class": "",
                                        "id": ""
                                    },
                                    "default_value": "",
                                    "placeholder": "",
                                    "prepend": "",
                                    "append": "",
                                    "maxlength": ""
                                },
                                {
                                    "key": "field_6295fe136fdb2",
                                    "label": "Tytuł",
                                    "name": "title",
                                    "type": "text",
                                    "instructions": "",
                                    "required": 0,
                                    "conditional_logic": 0,
                                    "wrapper": {
                                        "width": "",
                                        "class": "",
                                        "id": ""
                                    },
                                    "default_value": "",
                                    "placeholder": "",
                                    "prepend": "",
                                    "append": "",
                                    "maxlength": ""
                                },
                                {
                                    "key": "field_6295fe206fdb3",
                                    "label": "Treść",
                                    "name": "content",
                                    "type": "wysiwyg",
                                    "instructions": "",
                                    "required": 0,
                                    "conditional_logic": 0,
                                    "wrapper": {
                                        "width": "",
                                        "class": "",
                                        "id": ""
                                    },
                                    "default_value": "",
                                    "tabs": "all",
                                    "toolbar": "full",
                                    "media_upload": 1,
                                    "delay": 0
                                },
                                {
                                    "key": "field_6295fe366fdb4",
                                    "label": "Sidebar",
                                    "name": "display",
                                    "type": "radio",
                                    "instructions": "",
                                    "required": 0,
                                    "conditional_logic": 0,
                                    "wrapper": {
                                        "width": "",
                                        "class": "",
                                        "id": ""
                                    },
                                    "choices": {
                                        "pricelist": "Wyświetl cennik",
                                        "offer": "Wyświetl ofertę"
                                    },
                                    "allow_null": 0,
                                    "other_choice": 0,
                                    "default_value": "",
                                    "layout": "vertical",
                                    "return_format": "value",
                                    "save_other_choice": 0
                                }
                            ]
                        }
                    ],
                    "min": "",
                    "max": ""
                },
                "layout_62961b0b68ea7": {
                    "key": "layout_62961b0b68ea7",
                    "name": "lp_pricetable",
                    "label": "LP: Cennik",
                    "display": "block",
                    "sub_fields": [
                        {
                            "key": "field_62961bfa68ea8",
                            "label": "Grupa",
                            "name": "group",
                            "type": "group",
                            "instructions": "",
                            "required": 0,
                            "conditional_logic": 0,
                            "wrapper": {
                                "width": "",
                                "class": "",
                                "id": ""
                            },
                            "layout": "block",
                            "sub_fields": [
                                {
                                    "key": "field_62961c1768ea9",
                                    "label": "Intro",
                                    "name": "intro",
                                    "type": "text",
                                    "instructions": "",
                                    "required": 0,
                                    "conditional_logic": 0,
                                    "wrapper": {
                                        "width": "",
                                        "class": "",
                                        "id": ""
                                    },
                                    "default_value": "",
                                    "placeholder": "",
                                    "prepend": "",
                                    "append": "",
                                    "maxlength": ""
                                },
                                {
                                    "key": "field_62961c1e68eaa",
                                    "label": "Tytuł",
                                    "name": "title",
                                    "type": "text",
                                    "instructions": "",
                                    "required": 0,
                                    "conditional_logic": 0,
                                    "wrapper": {
                                        "width": "",
                                        "class": "",
                                        "id": ""
                                    },
                                    "default_value": "",
                                    "placeholder": "",
                                    "prepend": "",
                                    "append": "",
                                    "maxlength": ""
                                },
                                {
                                    "key": "field_62961c2668eab",
                                    "label": "Info",
                                    "name": "",
                                    "type": "message",
                                    "instructions": "",
                                    "required": 0,
                                    "conditional_logic": 0,
                                    "wrapper": {
                                        "width": "",
                                        "class": "",
                                        "id": ""
                                    },
                                    "message": "Cennik pobierany z zakładki \"Cennik\" na edycji tej strony",
                                    "new_lines": "wpautop",
                                    "esc_html": 0
                                }
                            ]
                        }
                    ],
                    "min": "",
                    "max": ""
                },
                "layout_6297127796ea5": {
                    "key": "layout_6297127796ea5",
                    "name": "lp_testimonials",
                    "label": "LP: Opinie",
                    "display": "block",
                    "sub_fields": [
                        {
                            "key": "field_6297127796ea6",
                            "label": "Grupa",
                            "name": "group",
                            "type": "group",
                            "instructions": "",
                            "required": 0,
                            "conditional_logic": 0,
                            "wrapper": {
                                "width": "",
                                "class": "",
                                "id": ""
                            },
                            "layout": "block",
                            "sub_fields": [
                                {
                                    "key": "field_6297127796ea7",
                                    "label": "Intro",
                                    "name": "intro",
                                    "type": "text",
                                    "instructions": "",
                                    "required": 0,
                                    "conditional_logic": 0,
                                    "wrapper": {
                                        "width": "",
                                        "class": "",
                                        "id": ""
                                    },
                                    "default_value": "",
                                    "placeholder": "",
                                    "prepend": "",
                                    "append": "",
                                    "maxlength": "",
                                    "show_column": 0,
                                    "show_column_sortable": 0,
                                    "show_column_weight": 1000,
                                    "allow_quickedit": 0,
                                    "allow_bulkedit": 0
                                },
                                {
                                    "key": "field_6297127796ea8",
                                    "label": "Tytuł",
                                    "name": "title",
                                    "type": "text",
                                    "instructions": "",
                                    "required": 0,
                                    "conditional_logic": 0,
                                    "wrapper": {
                                        "width": "",
                                        "class": "",
                                        "id": ""
                                    },
                                    "default_value": "",
                                    "placeholder": "",
                                    "prepend": "",
                                    "append": "",
                                    "maxlength": "",
                                    "show_column": 0,
                                    "show_column_sortable": 0,
                                    "show_column_weight": 1000,
                                    "allow_quickedit": 0,
                                    "allow_bulkedit": 0
                                },
                                {
                                    "key": "field_6297127796ea9",
                                    "label": "Rodzaj opinii",
                                    "name": "source",
                                    "type": "radio",
                                    "instructions": "",
                                    "required": 0,
                                    "conditional_logic": 0,
                                    "wrapper": {
                                        "width": "",
                                        "class": "",
                                        "id": ""
                                    },
                                    "choices": {
                                        "own": "Dedykowane pod LP",
                                        "global": "Globalne - z zakładki 314 Theme"
                                    },
                                    "allow_null": 0,
                                    "other_choice": 0,
                                    "default_value": "",
                                    "layout": "vertical",
                                    "return_format": "value",
                                    "show_column": 0,
                                    "show_column_sortable": 0,
                                    "show_column_weight": 1000,
                                    "allow_quickedit": 0,
                                    "allow_bulkedit": 0,
                                    "save_other_choice": 0
                                },
                                {
                                    "key": "field_6297155696eaa",
                                    "label": "Opinie",
                                    "name": "testimonials",
                                    "type": "repeater",
                                    "instructions": "",
                                    "required": 0,
                                    "conditional_logic": [
                                        [
                                            {
                                                "field": "field_6297127796ea9",
                                                "operator": "==",
                                                "value": "own"
                                            }
                                        ]
                                    ],
                                    "wrapper": {
                                        "width": "",
                                        "class": "",
                                        "id": ""
                                    },
                                    "collapsed": "",
                                    "min": 0,
                                    "max": 0,
                                    "layout": "row",
                                    "button_label": "Dodaj opinię",
                                    "sub_fields": [
                                        {
                                            "key": "field_6297156596eab",
                                            "label": "Opinia",
                                            "name": "testimonial",
                                            "type": "textarea",
                                            "instructions": "",
                                            "required": 0,
                                            "conditional_logic": 0,
                                            "wrapper": {
                                                "width": "",
                                                "class": "",
                                                "id": ""
                                            },
                                            "default_value": "",
                                            "placeholder": "",
                                            "maxlength": "",
                                            "rows": 4,
                                            "new_lines": ""
                                        },
                                        {
                                            "key": "field_6297157a96eac",
                                            "label": "Autor",
                                            "name": "author",
                                            "type": "text",
                                            "instructions": "",
                                            "required": 0,
                                            "conditional_logic": 0,
                                            "wrapper": {
                                                "width": "",
                                                "class": "",
                                                "id": ""
                                            },
                                            "default_value": "",
                                            "placeholder": "",
                                            "prepend": "",
                                            "append": "",
                                            "maxlength": ""
                                        }
                                    ]
                                },
                                {
                                    "key": "field_62972a9c0d95f",
                                    "label": "Źródło opinii",
                                    "name": "source_2",
                                    "type": "text",
                                    "instructions": "Skąd pochodzą opinie, np. Facebook, Google, Zanany Lekarz.",
                                    "required": 0,
                                    "conditional_logic": 0,
                                    "wrapper": {
                                        "width": "",
                                        "class": "",
                                        "id": ""
                                    },
                                    "default_value": "",
                                    "placeholder": "",
                                    "prepend": "",
                                    "append": "",
                                    "maxlength": "",
                                    "show_column": 0,
                                    "show_column_sortable": 0,
                                    "show_column_weight": 1000,
                                    "allow_quickedit": 0,
                                    "allow_bulkedit": 0
                                }
                            ]
                        }
                    ],
                    "min": "",
                    "max": ""
                },
                "layout_62972f3902b6c": {
                    "key": "layout_62972f3902b6c",
                    "name": "lp_contact",
                    "label": "LP: Kontakt",
                    "display": "block",
                    "sub_fields": [
                        {
                            "key": "field_62972f4902b6d",
                            "label": "Info",
                            "name": "",
                            "type": "message",
                            "instructions": "",
                            "required": 0,
                            "conditional_logic": 0,
                            "wrapper": {
                                "width": "",
                                "class": "",
                                "id": ""
                            },
                            "message": "Dane pobierane są z zakładek \"314 Theme\" oraz z zakładki \"Formularz\" w edycji tej podstrony",
                            "new_lines": "wpautop",
                            "esc_html": 0
                        }
                    ],
                    "min": "",
                    "max": ""
                }
            },
            "button_label": "Dodaj sekcję",
            "min": "",
            "max": ""
        }
    ],
    "location": [
        [
            {
                "param": "page_template",
                "operator": "==",
                "value": "default"
            }
        ],
        [
            {
                "param": "post_type",
                "operator": "==",
                "value": "lp"
            }
        ]
    ],
    "menu_order": 2,
    "position": "normal",
    "style": "default",
    "label_placement": "top",
    "instruction_placement": "label",
    "hide_on_screen": [
        "the_content"
    ],
    "active": true,
    "description": "",
    "show_in_rest": 0,
    "modified": 1654084869
}