{
    "key": "group_6138b433425cc",
    "title": "Typ wpisu: Członek zespołu",
    "fields": [
        {
            "key": "field_616eb555d761c",
            "label": "Pokaż na liście zespołu",
            "name": "team_list",
            "type": "true_false",
            "instructions": "",
            "required": 0,
            "conditional_logic": 0,
            "wrapper": {
                "width": "",
                "class": "",
                "id": ""
            },
            "message": "",
            "default_value": 1,
            "ui": 0,
            "show_column": 1,
            "show_column_sortable": 1,
            "show_column_weight": 100,
            "allow_quickedit": 1,
            "allow_bulkedit": 1,
            "ui_on_text": "",
            "ui_off_text": ""
        },
        {
            "key": "field_616eb5e5534f5",
            "label": "Pokaż w karuzeli zespołu",
            "name": "team_carousel",
            "type": "true_false",
            "instructions": "",
            "required": 0,
            "conditional_logic": 0,
            "wrapper": {
                "width": "",
                "class": "",
                "id": ""
            },
            "message": "",
            "default_value": 1,
            "ui": 0,
            "show_column": 1,
            "show_column_sortable": 1,
            "show_column_weight": 100,
            "allow_quickedit": 1,
            "allow_bulkedit": 1,
            "ui_on_text": "",
            "ui_off_text": ""
        },
        {
            "key": "field_6138b4704ee8c",
            "label": "Stanowisko",
            "name": "position",
            "type": "text",
            "instructions": "",
            "required": 0,
            "conditional_logic": 0,
            "wrapper": {
                "width": "",
                "class": "",
                "id": ""
            },
            "default_value": "",
            "placeholder": "",
            "prepend": "",
            "append": "",
            "maxlength": ""
        },
        {
            "key": "field_61766ef1c7ef2",
            "label": "Certyfikaty",
            "name": "gallery",
            "type": "gallery",
            "instructions": "",
            "required": 0,
            "conditional_logic": 0,
            "wrapper": {
                "width": "",
                "class": "",
                "id": ""
            },
            "return_format": "id",
            "preview_size": "medium",
            "insert": "append",
            "library": "all",
            "min": "",
            "max": "",
            "min_width": "",
            "min_height": "",
            "min_size": "",
            "max_width": "",
            "max_height": "",
            "max_size": "",
            "mime_types": ""
        }
    ],
    "location": [
        [
            {
                "param": "post_type",
                "operator": "==",
                "value": "team"
            }
        ]
    ],
    "menu_order": 0,
    "position": "normal",
    "style": "default",
    "label_placement": "top",
    "instruction_placement": "label",
    "hide_on_screen": "",
    "active": true,
    "description": "",
    "modified": 1635151640
}