{
    "key": "group_629755088d184",
    "title": "Main FLEX",
    "fields": [
        {
            "key": "field_611ca7fa375d3",
            "label": "Pole elastyczne",
            "name": "flex_content",
            "type": "flexible_content",
            "instructions": "",
            "required": 0,
            "conditional_logic": false,
            "wrapper": {
                "width": "",
                "class": "",
                "id": ""
            },
            "layouts": {
                "layout_611cd94fb8f7e": {
                    "key": "layout_611cd94fb8f7e",
                    "name": "text_section",
                    "label": "Pole tekstowe",
                    "display": "block",
                    "sub_fields": [
                        {
                            "key": "field_611cd97fb8f7f",
                            "label": "Grupa",
                            "name": "group",
                            "type": "group",
                            "instructions": "",
                            "required": 0,
                            "conditional_logic": false,
                            "wrapper": {
                                "width": "",
                                "class": "",
                                "id": ""
                            },
                            "sub_fields": [
                                {
                                    "key": "field_6297527057876",
                                    "label": "Intro",
                                    "name": "intro",
                                    "type": "text",
                                    "instructions": "",
                                    "required": 0,
                                    "conditional_logic": 0,
                                    "wrapper": {
                                        "width": "",
                                        "class": "",
                                        "id": ""
                                    },
                                    "default_value": "",
                                    "placeholder": "",
                                    "prepend": "",
                                    "append": "",
                                    "maxlength": "",
                                    "show_column": 0,
                                    "show_column_sortable": 0,
                                    "show_column_weight": 1000,
                                    "allow_quickedit": 0,
                                    "allow_bulkedit": 0
                                },
                                {
                                    "key": "field_611cd999b8f80",
                                    "label": "Tytuł",
                                    "name": "title",
                                    "type": "text",
                                    "instructions": "",
                                    "required": 0,
                                    "conditional_logic": 0,
                                    "wrapper": {
                                        "width": "",
                                        "class": "",
                                        "id": ""
                                    },
                                    "default_value": "",
                                    "placeholder": "",
                                    "prepend": "",
                                    "append": "",
                                    "maxlength": "",
                                    "show_column": 0,
                                    "show_column_sortable": 0,
                                    "show_column_weight": 1000,
                                    "allow_quickedit": 0,
                                    "allow_bulkedit": 0
                                },
                                {
                                    "key": "field_611cd99fb8f81",
                                    "label": "Pole tekstowe",
                                    "name": "content",
                                    "type": "wysiwyg",
                                    "instructions": "",
                                    "required": 0,
                                    "conditional_logic": 0,
                                    "wrapper": {
                                        "width": "",
                                        "class": "",
                                        "id": ""
                                    },
                                    "default_value": "",
                                    "tabs": "all",
                                    "toolbar": "full",
                                    "media_upload": 1,
                                    "delay": 0
                                },
                                {
                                    "key": "field_616e6a6300887",
                                    "label": "Przyciski",
                                    "name": "btns",
                                    "type": "radio",
                                    "instructions": "",
                                    "required": 1,
                                    "conditional_logic": 0,
                                    "wrapper": {
                                        "width": "",
                                        "class": "",
                                        "id": ""
                                    },
                                    "choices": {
                                        "false": "Nie",
                                        "true": "Tak"
                                    },
                                    "allow_null": 0,
                                    "other_choice": 0,
                                    "default_value": "no",
                                    "layout": "vertical",
                                    "return_format": "value",
                                    "save_other_choice": 0
                                },
                                {
                                    "key": "field_616e6aae00888",
                                    "label": "Przycisk 1",
                                    "name": "link",
                                    "type": "link",
                                    "instructions": "Secondary",
                                    "required": 0,
                                    "conditional_logic": [
                                        [
                                            {
                                                "field": "field_616e6a6300887",
                                                "operator": "==",
                                                "value": "true"
                                            }
                                        ]
                                    ],
                                    "wrapper": {
                                        "width": "50",
                                        "class": "",
                                        "id": ""
                                    },
                                    "return_format": "array"
                                },
                                {
                                    "key": "field_616e6afe0088a",
                                    "label": "Przycisk 2",
                                    "name": "link_2",
                                    "type": "link",
                                    "instructions": "Primary",
                                    "required": 0,
                                    "conditional_logic": [
                                        [
                                            {
                                                "field": "field_616e6a6300887",
                                                "operator": "==",
                                                "value": "true"
                                            }
                                        ]
                                    ],
                                    "wrapper": {
                                        "width": "50",
                                        "class": "",
                                        "id": ""
                                    },
                                    "return_format": "array"
                                },
                                {
                                    "key": "field_616e6b3c0088b",
                                    "label": "Układ",
                                    "name": "layout",
                                    "type": "radio",
                                    "instructions": "",
                                    "required": 1,
                                    "conditional_logic": 0,
                                    "wrapper": {
                                        "width": "",
                                        "class": "",
                                        "id": ""
                                    },
                                    "choices": {
                                        "simple": "Prosty",
                                        "photo-left": "Zdjęcie po lewej stronie",
                                        "photo-right": "Zdjęcie po prawej stronie"
                                    },
                                    "allow_null": 0,
                                    "other_choice": 0,
                                    "default_value": "simple",
                                    "layout": "vertical",
                                    "return_format": "value",
                                    "save_other_choice": 0
                                },
                                {
                                    "key": "field_616e6bd20088c",
                                    "label": "Zdjęcie",
                                    "name": "photo",
                                    "type": "image",
                                    "instructions": "",
                                    "required": 0,
                                    "conditional_logic": [
                                        [
                                            {
                                                "field": "field_616e6b3c0088b",
                                                "operator": "==",
                                                "value": "photo-left"
                                            }
                                        ],
                                        [
                                            {
                                                "field": "field_616e6b3c0088b",
                                                "operator": "==",
                                                "value": "photo-right"
                                            }
                                        ]
                                    ],
                                    "wrapper": {
                                        "width": "",
                                        "class": "",
                                        "id": ""
                                    },
                                    "return_format": "id",
                                    "preview_size": "medium",
                                    "library": "all",
                                    "min_width": "",
                                    "min_height": "",
                                    "min_size": "",
                                    "max_width": "",
                                    "max_height": "",
                                    "max_size": "",
                                    "mime_types": ""
                                },
                                {
                                    "key": "field_616e6c0e0088e",
                                    "label": "Dodatkowa klasa",
                                    "name": "class",
                                    "type": "text",
                                    "instructions": "Ustawienia zaawansowane",
                                    "required": 0,
                                    "conditional_logic": 0,
                                    "wrapper": {
                                        "width": "",
                                        "class": "",
                                        "id": ""
                                    },
                                    "default_value": "",
                                    "placeholder": "",
                                    "prepend": "",
                                    "append": "",
                                    "maxlength": ""
                                }
                            ],
                            "layout": "block"
                        }
                    ],
                    "min": "",
                    "max": ""
                }
            },
            "min": "",
            "max": "",
            "button_label": "Dodaj wiersz"
        }
    ],
    "location": [
        [
            {
                "param": "post_type",
                "operator": "==",
                "value": "post"
            }
        ]
    ],
    "menu_order": 0,
    "position": "normal",
    "style": "default",
    "label_placement": "top",
    "instruction_placement": "label",
    "hide_on_screen": "",
    "active": true,
    "description": "",
    "show_in_rest": 0,
    "modified": 1654084931
}