{
    "key": "group_5d80bae558d23",
    "title": "Szablon: Cennik",
    "fields": [
        {
            "key": "field_5da70f3b1e2c9",
            "label": "Cenniki",
            "name": "pricetables",
            "type": "repeater",
            "instructions": "",
            "required": 0,
            "conditional_logic": 0,
            "wrapper": {
                "width": "",
                "class": "",
                "id": ""
            },
            "collapsed": "",
            "min": 0,
            "max": 0,
            "layout": "block",
            "button_label": "Dodaj cennik",
            "sub_fields": [
                {
                    "key": "field_5db0206405c58",
                    "label": "Tytuł",
                    "name": "title",
                    "type": "text",
                    "instructions": "",
                    "required": 0,
                    "conditional_logic": 0,
                    "wrapper": {
                        "width": "",
                        "class": "",
                        "id": ""
                    },
                    "default_value": "",
                    "placeholder": "",
                    "prepend": "",
                    "append": "",
                    "maxlength": ""
                },
                {
                    "key": "field_5d80baf470553",
                    "label": "Cennik",
                    "name": "pricetable",
                    "type": "repeater",
                    "instructions": "",
                    "required": 0,
                    "conditional_logic": 0,
                    "wrapper": {
                        "width": "",
                        "class": "",
                        "id": ""
                    },
                    "collapsed": "",
                    "min": 0,
                    "max": 0,
                    "layout": "block",
                    "button_label": "",
                    "sub_fields": [
                        {
                            "key": "field_5d80bb4f70554",
                            "label": "Usługa",
                            "name": "service",
                            "type": "text",
                            "instructions": "",
                            "required": 0,
                            "conditional_logic": 0,
                            "wrapper": {
                                "width": "55",
                                "class": "",
                                "id": ""
                            },
                            "default_value": "",
                            "placeholder": "",
                            "prepend": "",
                            "append": "",
                            "maxlength": "",
                            "show_column": 0,
                            "show_column_sortable": 0,
                            "show_column_weight": 1000,
                            "allow_quickedit": 0,
                            "allow_bulkedit": 0
                        },
                        {
                            "key": "field_62960c374be28",
                            "label": "Usługa - opis",
                            "name": "service_desc",
                            "type": "textarea",
                            "instructions": "",
                            "required": 0,
                            "conditional_logic": 0,
                            "wrapper": {
                                "width": "55",
                                "class": "",
                                "id": ""
                            },
                            "default_value": "",
                            "placeholder": "",
                            "maxlength": "",
                            "rows": 2,
                            "new_lines": ""
                        },
                        {
                            "key": "field_62960c564be29",
                            "label": "Cena przekreślona",
                            "name": "price_old",
                            "type": "text",
                            "instructions": "",
                            "required": 0,
                            "conditional_logic": 0,
                            "wrapper": {
                                "width": "15",
                                "class": "",
                                "id": ""
                            },
                            "default_value": "",
                            "placeholder": "",
                            "prepend": "",
                            "append": "",
                            "maxlength": "",
                            "show_column": 0,
                            "show_column_sortable": 0,
                            "show_column_weight": 1000,
                            "allow_quickedit": 0,
                            "allow_bulkedit": 0
                        },
                        {
                            "key": "field_5d80bb6970555",
                            "label": "Cena",
                            "name": "price",
                            "type": "text",
                            "instructions": "",
                            "required": 0,
                            "conditional_logic": 0,
                            "wrapper": {
                                "width": "15",
                                "class": "",
                                "id": ""
                            },
                            "default_value": "",
                            "placeholder": "",
                            "prepend": "",
                            "append": "",
                            "maxlength": "",
                            "show_column": 0,
                            "show_column_sortable": 0,
                            "show_column_weight": 1000,
                            "allow_quickedit": 0,
                            "allow_bulkedit": 0
                        },
                        {
                            "key": "field_62960c7d4be2a",
                            "label": "Wyświetlić w karuzeli na LP",
                            "name": "carousel",
                            "type": "true_false",
                            "instructions": "",
                            "required": 0,
                            "conditional_logic": 0,
                            "wrapper": {
                                "width": "15",
                                "class": "",
                                "id": ""
                            },
                            "message": "",
                            "default_value": 1,
                            "ui": 0,
                            "ui_on_text": "",
                            "ui_off_text": ""
                        },
                        {
                            "key": "field_616ec635cc557",
                            "label": "Usługi przynależące",
                            "name": "services",
                            "type": "repeater",
                            "instructions": "",
                            "required": 0,
                            "conditional_logic": 0,
                            "wrapper": {
                                "width": "100",
                                "class": "",
                                "id": ""
                            },
                            "collapsed": "",
                            "min": 0,
                            "max": 0,
                            "layout": "row",
                            "button_label": "Dodaj przynależącą",
                            "sub_fields": [
                                {
                                    "key": "field_616ec826cc558",
                                    "label": "Usługa",
                                    "name": "service",
                                    "type": "text",
                                    "instructions": "",
                                    "required": 0,
                                    "conditional_logic": 0,
                                    "wrapper": {
                                        "width": "75",
                                        "class": "",
                                        "id": ""
                                    },
                                    "default_value": "",
                                    "placeholder": "",
                                    "prepend": "",
                                    "append": "",
                                    "maxlength": "",
                                    "show_column": 0,
                                    "show_column_sortable": 0,
                                    "show_column_weight": 1000,
                                    "allow_quickedit": 0,
                                    "allow_bulkedit": 0
                                },
                                {
                                    "key": "field_616ec84dcc559",
                                    "label": "Cena",
                                    "name": "price",
                                    "type": "text",
                                    "instructions": "",
                                    "required": 0,
                                    "conditional_logic": 0,
                                    "wrapper": {
                                        "width": "25",
                                        "class": "",
                                        "id": ""
                                    },
                                    "default_value": "",
                                    "placeholder": "",
                                    "prepend": "",
                                    "append": "",
                                    "maxlength": ""
                                }
                            ]
                        }
                    ]
                },
                {
                    "key": "field_5da70f621e2ca",
                    "label": "Podlinkowanie pod ofertę (opcjonalne)",
                    "name": "related_offer",
                    "type": "relationship",
                    "instructions": "",
                    "required": 0,
                    "conditional_logic": 0,
                    "wrapper": {
                        "width": "",
                        "class": "",
                        "id": ""
                    },
                    "post_type": [
                        "offer"
                    ],
                    "taxonomy": "",
                    "filters": [
                        "search"
                    ],
                    "elements": "",
                    "min": "",
                    "max": 1,
                    "return_format": "id"
                }
            ]
        }
    ],
    "location": [
        [
            {
                "param": "page_template",
                "operator": "==",
                "value": "templates\/pricelist.php"
            }
        ]
    ],
    "menu_order": 0,
    "position": "normal",
    "style": "default",
    "label_placement": "top",
    "instruction_placement": "label",
    "hide_on_screen": "",
    "active": true,
    "description": "",
    "show_in_rest": 0,
    "modified": 1654001009
}