{
    "key": "group_6138b54e9b181",
    "title": "Typ wpisu: Usługa",
    "fields": [
        {
            "key": "field_6138b55822bae",
            "label": "Lekarze wykonujący",
            "name": "doctors",
            "type": "relationship",
            "instructions": "",
            "required": 0,
            "conditional_logic": 0,
            "wrapper": {
                "width": "",
                "class": "",
                "id": ""
            },
            "post_type": [
                "team"
            ],
            "taxonomy": "",
            "filters": [
                "search"
            ],
            "elements": [
                "featured_image"
            ],
            "min": "",
            "max": "",
            "return_format": "id"
        },
        {
            "key": "field_6152edfe4e281",
            "label": "Powiązane zabiegi",
            "name": "related_posts",
            "type": "relationship",
            "instructions": "",
            "required": 0,
            "conditional_logic": 0,
            "wrapper": {
                "width": "",
                "class": "",
                "id": ""
            },
            "post_type": [
                "offer"
            ],
            "taxonomy": "",
            "filters": [
                "search"
            ],
            "elements": [
                "featured_image"
            ],
            "min": "",
            "max": "",
            "return_format": "id"
        },
        {
            "key": "field_615307f183ad1",
            "label": "Powiązane metamorfozy",
            "name": "related_metamorphosis",
            "type": "relationship",
            "instructions": "",
            "required": 0,
            "conditional_logic": 0,
            "wrapper": {
                "width": "",
                "class": "",
                "id": ""
            },
            "post_type": [
                "metamorphosis"
            ],
            "taxonomy": "",
            "filters": [
                "search"
            ],
            "elements": "",
            "min": "",
            "max": "",
            "return_format": "id"
        },
        {
            "key": "field_6152e6ded8de8",
            "label": "FAQ",
            "name": "faq",
            "type": "repeater",
            "instructions": "",
            "required": 0,
            "conditional_logic": 0,
            "wrapper": {
                "width": "",
                "class": "",
                "id": ""
            },
            "collapsed": "",
            "min": 0,
            "max": 0,
            "layout": "block",
            "button_label": "Dodaj pytanie",
            "sub_fields": [
                {
                    "key": "field_6152e6f8d8de9",
                    "label": "Pytanie",
                    "name": "question",
                    "type": "text",
                    "instructions": "",
                    "required": 0,
                    "conditional_logic": 0,
                    "wrapper": {
                        "width": "",
                        "class": "",
                        "id": ""
                    },
                    "default_value": "",
                    "placeholder": "",
                    "prepend": "",
                    "append": "",
                    "maxlength": ""
                },
                {
                    "key": "field_6152e71bd8dea",
                    "label": "Odpowiedź",
                    "name": "answer",
                    "type": "textarea",
                    "instructions": "",
                    "required": 0,
                    "conditional_logic": 0,
                    "wrapper": {
                        "width": "",
                        "class": "",
                        "id": ""
                    },
                    "default_value": "",
                    "placeholder": "",
                    "maxlength": "",
                    "rows": 4,
                    "new_lines": ""
                }
            ]
        },
        {
            "key": "field_616ea61b09039",
            "label": "Pokaż na liście usułg",
            "name": "offer_list",
            "type": "true_false",
            "instructions": "",
            "required": 0,
            "conditional_logic": 0,
            "wrapper": {
                "width": "",
                "class": "",
                "id": ""
            },
            "message": "",
            "default_value": 1,
            "ui": 0,
            "show_column": 1,
            "show_column_sortable": 1,
            "show_column_weight": 100,
            "allow_quickedit": 1,
            "allow_bulkedit": 1,
            "ui_on_text": "",
            "ui_off_text": ""
        },
        {
            "key": "field_616ea64c0903a",
            "label": "Pokaż w karuzeli usług",
            "name": "offer_carousel",
            "type": "true_false",
            "instructions": "",
            "required": 0,
            "conditional_logic": 0,
            "wrapper": {
                "width": "",
                "class": "",
                "id": ""
            },
            "message": "",
            "default_value": 1,
            "ui": 0,
            "show_column": 1,
            "show_column_sortable": 1,
            "show_column_weight": 100,
            "allow_quickedit": 1,
            "allow_bulkedit": 1,
            "ui_on_text": "",
            "ui_off_text": ""
        }
    ],
    "location": [
        [
            {
                "param": "post_type",
                "operator": "==",
                "value": "offer"
            }
        ]
    ],
    "menu_order": 0,
    "position": "normal",
    "style": "default",
    "label_placement": "top",
    "instruction_placement": "label",
    "hide_on_screen": "",
    "active": true,
    "description": "",
    "modified": 1634642763
}